{
  "color_count": 16,
  "color_variance": 2.0222220420837402,
  "colors_vga6": [
    [
      28,
      28,
      28
    ],
    [
      29,
      29,
      30
    ],
    [
      30,
      31,
      31
    ],
    [
      32,
      32,
      33
    ],
    [
      33,
      34,
      34
    ],
    [
      34,
      35,
      35
    ],
    [
      36,
      36,
      37
    ],
    [
      37,
      38,
      39
    ],
    [
      40,
      40,
      41
    ],
    [
      42,
      43,
      43
    ],
    [
      44,
      45,
      46
    ],
    [
      47,
      48,
      49
    ],
    [
      50,
      51,
      52
    ],
    [
      53,
      54,
      55
    ],
    [
      56,
      57,
      57
    ],
    [
      58,
      58,
      59
    ]
  ],
  "confidence": 0.6005555391311646,
  "global_offset": 44581,
  "id": 3,
  "length": 48,
  "segment_offset": 8741,
  "unique_color_count": 16
}