{
  "color_count": 16,
  "color_variance": 2.4000000953674316,
  "colors_vga6": [
    [
      63,
      62,
      61
    ],
    [
      60,
      59,
      58
    ],
    [
      57,
      56,
      55
    ],
    [
      54,
      53,
      52
    ],
    [
      51,
      50,
      49
    ],
    [
      48,
      47,
      46
    ],
    [
      45,
      44,
      43
    ],
    [
      42,
      41,
      40
    ],
    [
      39,
      38,
      37
    ],
    [
      36,
      35,
      34
    ],
    [
      33,
      32,
      31
    ],
    [
      30,
      29,
      28
    ],
    [
      27,
      26,
      26
    ],
    [
      26,
      26,
      26
    ],
    [
      26,
      26,
      26
    ],
    [
      26,
      26,
      26
    ]
  ],
  "confidence": 0.5412499904632568,
  "global_offset": 42881,
  "id": 6,
  "length": 48,
  "segment_offset": 7041,
  "unique_color_count": 14
}