{
  "color_count": 16,
  "color_variance": 2.2444446086883545,
  "colors_vga6": [
    [
      26,
      26,
      27
    ],
    [
      27,
      28,
      28
    ],
    [
      29,
      29,
      30
    ],
    [
      30,
      31,
      31
    ],
    [
      32,
      32,
      33
    ],
    [
      34,
      35,
      35
    ],
    [
      36,
      37,
      38
    ],
    [
      38,
      39,
      39
    ],
    [
      40,
      40,
      41
    ],
    [
      41,
      42,
      42
    ],
    [
      43,
      44,
      44
    ],
    [
      45,
      46,
      47
    ],
    [
      48,
      49,
      50
    ],
    [
      51,
      52,
      54
    ],
    [
      55,
      56,
      58
    ],
    [
      59,
      60,
      61
    ]
  ],
  "confidence": 0.6061111092567444,
  "global_offset": 43031,
  "id": 2,
  "length": 48,
  "segment_offset": 7191,
  "unique_color_count": 16
}