{
  "color_count": 16,
  "color_variance": 2.2666666507720947,
  "colors_vga6": [
    [
      28,
      29,
      29
    ],
    [
      30,
      30,
      31
    ],
    [
      32,
      33,
      34
    ],
    [
      35,
      36,
      36
    ],
    [
      37,
      38,
      39
    ],
    [
      40,
      41,
      42
    ],
    [
      42,
      43,
      44
    ],
    [
      44,
      45,
      45
    ],
    [
      46,
      46,
      47
    ],
    [
      47,
      48,
      49
    ],
    [
      50,
      51,
      52
    ],
    [
      53,
      54,
      55
    ],
    [
      56,
      56,
      57
    ],
    [
      58,
      59,
      59
    ],
    [
      60,
      61,
      62
    ],
    [
      62,
      63,
      63
    ]
  ],
  "confidence": 0.6066666841506958,
  "global_offset": 43219,
  "id": 1,
  "length": 48,
  "segment_offset": 7379,
  "unique_color_count": 16
}