{
  "color_count": 16,
  "color_variance": 2.3777778148651123,
  "colors_vga6": [
    [
      63,
      62,
      60
    ],
    [
      58,
      57,
      55
    ],
    [
      53,
      51,
      50
    ],
    [
      48,
      46,
      44
    ],
    [
      43,
      41,
      39
    ],
    [
      37,
      36,
      34
    ],
    [
      32,
      30,
      29
    ],
    [
      27,
      26,
      26
    ],
    [
      26,
      26,
      26
    ],
    [
      26,
      26,
      26
    ],
    [
      26,
      26,
      26
    ],
    [
      26,
      26,
      26
    ],
    [
      26,
      26,
      26
    ],
    [
      26,
      26,
      26
    ],
    [
      26,
      26,
      26
    ],
    [
      26,
      26,
      26
    ]
  ],
  "confidence": 0.3688194751739502,
  "global_offset": 43129,
  "id": 7,
  "length": 48,
  "segment_offset": 7289,
  "unique_color_count": 9
}