{
  "color_count": 16,
  "color_variance": 2.6666667461395264,
  "colors_vga6": [
    [
      63,
      62,
      61
    ],
    [
      60,
      59,
      58
    ],
    [
      57,
      56,
      54
    ],
    [
      53,
      52,
      51
    ],
    [
      49,
      48,
      47
    ],
    [
      46,
      44,
      43
    ],
    [
      41,
      40,
      38
    ],
    [
      37,
      35,
      34
    ],
    [
      32,
      31,
      29
    ],
    [
      28,
      26,
      26
    ],
    [
      26,
      26,
      26
    ],
    [
      26,
      27,
      27
    ],
    [
      27,
      28,
      28
    ],
    [
      29,
      29,
      29
    ],
    [
      30,
      30,
      30
    ],
    [
      30,
      30,
      30
    ]
  ],
  "confidence": 0.5822916626930237,
  "global_offset": 44729,
  "id": 4,
  "length": 48,
  "segment_offset": 8889,
  "unique_color_count": 15
}