{
  "color_count": 16,
  "color_variance": 2.2666666507720947,
  "colors_vga6": [
    [
      27,
      27,
      27
    ],
    [
      27,
      28,
      28
    ],
    [
      28,
      28,
      29
    ],
    [
      29,
      29,
      29
    ],
    [
      29,
      29,
      29
    ],
    [
      30,
      31,
      32
    ],
    [
      33,
      34,
      35
    ],
    [
      36,
      37,
      38
    ],
    [
      39,
      40,
      41
    ],
    [
      42,
      43,
      44
    ],
    [
      45,
      46,
      47
    ],
    [
      48,
      49,
      50
    ],
    [
      51,
      52,
      53
    ],
    [
      54,
      55,
      56
    ],
    [
      57,
      58,
      59
    ],
    [
      60,
      61,
      62
    ]
  ],
  "confidence": 0.5722916722297668,
  "global_offset": 45167,
  "id": 5,
  "length": 48,
  "segment_offset": 9327,
  "unique_color_count": 15
}