{
  "avg_set_bits": 27.356250762939453,
  "confidence": 0.9041666984558105,
  "global_offset": 40496,
  "id": 5,
  "length": 1280,
  "row_transition_ratio": 0.9473214149475098,
  "segment_offset": 4656,
  "sheet": {
    "format": "1bpp",
    "height_tiles": 10,
    "tile_size": [
      8,
      8
    ],
    "width_tiles": 16
  },
  "tile_count": 160
}