{
  "avg_set_bits": 27.30769157409668,
  "confidence": 0.5633413791656494,
  "global_offset": 48264,
  "id": 9,
  "length": 104,
  "row_transition_ratio": 0.593406617641449,
  "segment_offset": 12424,
  "sheet": {
    "format": "1bpp",
    "height_tiles": 1,
    "tile_size": [
      8,
      8
    ],
    "width_tiles": 13
  },
  "tile_count": 13
}