{
  "confidence": 0.7279727458953857,
  "entries_u16_le": [
    59,
    60,
    60,
    60,
    60,
    60,
    60,
    60,
    60,
    60,
    60,
    60,
    60,
    60,
    60,
    60,
    60,
    60,
    60,
    60,
    60,
    60,
    59,
    59,
    59,
    59,
    58,
    58,
    58,
    58,
    57,
    57,
    57,
    57,
    56,
    56,
    56,
    56,
    55,
    55,
    55,
    55,
    54,
    54,
    54,
    54,
    54,
    55,
    55,
    56,
    57,
    58,
    58,
    59,
    60,
    61,
    61,
    62,
    63,
    64,
    65,
    66,
    67,
    68,
    69,
    70,
    71,
    72,
    73,
    74,
    75,
    75,
    75,
    75,
    75,
    75,
    75,
    75,
    74,
    74,
    74,
    74,
    73,
    73,
    73,
    73,
    72,
    72,
    72,
    71,
    71,
    70,
    70,
    69,
    68,
    67,
    67,
    66,
    65,
    64
  ],
  "entry_count": 100,
  "entry_width": 1,
  "global_offset": 44629,
  "id": 4,
  "length": 100,
  "monotonic_ratio": 0.8282828330993652,
  "pair_pattern_ratio": 0.0,
  "repeated_ratio": 0.2199999988079071,
  "segment_offset": 8789,
  "unique_count": 22
}